county,name,phone,website
k,Asian Counseling & Referral Sevice,206.695.7600,https://www.acrs.org
p,Asia Pacific Cultural Center,253-383-3900,https://www.asiapacificculturalcenter.org
k,Asian/Pacific Islander Chaya,877.922.4292,https://www.apichaya.org
kp,Catholic Community Services Southwest,206.323.6336,ccsww.org/get-help/pierce-county/
k,Center for Multicultural Health,206.461.6910,cschc.org
p,Centro Latino,253.572.7747,https://www.clatino.orG
k,Chinese Information & Service Center,206.624.5633,https://www.cisc-seattle.org
kp,Consejo Counseling & Referral Service,253.414.7416,https://www.consejocounseling.org/
k,El Centro de la Raza,206.957.4634,https://www.elcentrodelaraza.org
k,Filipino Community of Seattle,206.722.9372,https://www.filcommsea.org
k,Helping Link/Mot dau Noi,206.568.5160,https://www.helpinglink.org
k,Horn of Africa Services,206.760.0550 x 104,https://www.hoas.org
k,Jewish Family Serivce,206.461.3240,https://www.jfsseattle.org
ks,La Esperanza,425.248.4534,https://www.laesperanzahcs.org
s,Refugee and Immigrant Services NW,425.388.9307,https://www.risnw.org
ks,Therapeutic Health Services,206.322.7676,https://www.ths-wa.org
s,Tulalip Tribes,360.716.4000,https://www.tulaliptribes-nsn.gov/
k,United Inidans of All tribes,206.285.4425,https://www.unitedindians.org
k,WAPI Community Services,844.987.9274,wapiseattle.org